{
  "properties": {
    "connectionReferences": {
      "shared_commondataserviceforapps": {
        "runtimeSource": "embedded",
        "connection": {
          "connectionReferenceLogicalName": "aa_sharedcommondataserviceforapps_cfac9"
        },
        "api": {
          "name": "shared_commondataserviceforapps"
        }
      },
      "shared_approvals": {
        "runtimeSource": "embedded",
        "connection": {
          "connectionReferenceLogicalName": "aa_sharedapprovals_8f3fa"
        },
        "api": {
          "name": "shared_approvals"
        }
      }
    },
    "definition": {
      "$schema": "https://schema.management.azure.com/providers/Microsoft.Logic/schemas/2016-06-01/workflowdefinition.json#",
      "contentVersion": "1.0.0.0",
      "parameters": {
        "$connections": {
          "defaultValue": {},
          "type": "Object"
        },
        "$authentication": {
          "defaultValue": {},
          "type": "SecureObject"
        }
      },
      "triggers": {
        "行が追加、変更、または削除された場合": {
          "metadata": {
            "operationMetadataId": "2d05a6a4-4406-4d69-923a-cf93c1631e43"
          },
          "type": "OpenApiConnectionWebhook",
          "inputs": {
            "host": {
              "connectionName": "shared_commondataserviceforapps",
              "operationId": "SubscribeWebhookTrigger",
              "apiId": "/providers/Microsoft.PowerApps/apis/shared_commondataserviceforapps"
            },
            "parameters": {
              "subscriptionRequest/message": 1,
              "subscriptionRequest/entityname": "aa_item",
              "subscriptionRequest/scope": 4,
              "subscriptionRequest/filterexpression": "aa_itemstatus eq 120800000"
            },
            "authentication": "@parameters('$authentication')"
          }
        }
      },
      "actions": {
        "承認ルートを一覧にする": {
          "runAfter": {
            "Item作成者を取得する": [
              "Succeeded"
            ]
          },
          "metadata": {
            "operationMetadataId": "b44441b1-54d5-40e9-99b1-cf7e9f107bd9"
          },
          "type": "OpenApiConnection",
          "inputs": {
            "host": {
              "connectionName": "shared_commondataserviceforapps",
              "operationId": "ListRecords",
              "apiId": "/providers/Microsoft.PowerApps/apis/shared_commondataserviceforapps"
            },
            "parameters": {
              "entityName": "aa_approvers",
              "$filter": "aa_upn eq '@{outputs('Item作成者を取得する')?['body/internalemailaddress']}'",
              "$top": 1
            },
            "authentication": "@parameters('$authentication')"
          }
        },
        "Item作成者を取得する": {
          "runAfter": {},
          "metadata": {
            "operationMetadataId": "c86b041b-6626-457a-a6c9-78835263063c"
          },
          "type": "OpenApiConnection",
          "inputs": {
            "host": {
              "connectionName": "shared_commondataserviceforapps",
              "operationId": "GetItem",
              "apiId": "/providers/Microsoft.PowerApps/apis/shared_commondataserviceforapps"
            },
            "parameters": {
              "entityName": "systemusers",
              "recordId": "@triggerOutputs()?['body/_createdby_value']"
            },
            "authentication": "@parameters('$authentication')"
          }
        },
        "Apply_to_each_route": {
          "foreach": "@outputs('承認ルートを一覧にする')?['body/value']",
          "actions": {
            "承認者1を取得する": {
              "runAfter": {},
              "metadata": {
                "operationMetadataId": "03b253ad-396a-4011-baa0-08582a5b55ec"
              },
              "type": "OpenApiConnection",
              "inputs": {
                "host": {
                  "connectionName": "shared_commondataserviceforapps",
                  "operationId": "GetItem",
                  "apiId": "/providers/Microsoft.PowerApps/apis/shared_commondataserviceforapps"
                },
                "parameters": {
                  "entityName": "systemusers",
                  "recordId": "@items('Apply_to_each_route')?['_aa_approver1_value']"
                },
                "authentication": "@parameters('$authentication')"
              }
            },
            "承認者1のUPN": {
              "runAfter": {
                "承認者1を取得する": [
                  "Succeeded"
                ]
              },
              "metadata": {
                "operationMetadataId": "dca41f9c-c416-4810-be8a-b7efafca5e8d"
              },
              "type": "Compose",
              "inputs": "@outputs('承認者1を取得する')?['body/internalemailaddress']"
            },
            "条件": {
              "actions": {
                "開始して承認を待機": {
                  "runAfter": {},
                  "metadata": {
                    "operationMetadataId": "871a3b09-8988-4063-87dd-3b97ac9a63ee"
                  },
                  "type": "OpenApiConnectionWebhook",
                  "inputs": {
                    "host": {
                      "connectionName": "shared_approvals",
                      "operationId": "StartAndWaitForAnApproval",
                      "apiId": "/providers/Microsoft.PowerApps/apis/shared_approvals"
                    },
                    "parameters": {
                      "approvalType": "BasicAwaitAll",
                      "WebhookApprovalCreationInput/title": "@triggerOutputs()?['body/aa_title']",
                      "WebhookApprovalCreationInput/assignedTo": "@{outputs('承認者1のUPN')};",
                      "WebhookApprovalCreationInput/details": "@{triggerOutputs()?['body/aa_series']}\n@{triggerOutputs()?['body/aa_title']}\n@{triggerOutputs()?['body/aa_subtitle']}\n@{triggerOutputs()?['body/aa_summary']}",
                      "WebhookApprovalCreationInput/requestor": "@{outputs('Item作成者を取得する')?['body/internalemailaddress']};",
                      "WebhookApprovalCreationInput/enableNotifications": true,
                      "WebhookApprovalCreationInput/enableReassignment": true
                    },
                    "authentication": "@parameters('$authentication')"
                  }
                }
              },
              "runAfter": {
                "条件_3": [
                  "Succeeded"
                ]
              },
              "expression": {
                "not": {
                  "equals": [
                    "@outputs('承認者1のUPN')",
                    ""
                  ]
                }
              },
              "metadata": {
                "operationMetadataId": "dd7dd237-9579-47c8-ae94-06304cfe31bd"
              },
              "type": "If"
            },
            "条件_2": {
              "actions": {
                "承認者2を取得する": {
                  "runAfter": {},
                  "metadata": {
                    "operationMetadataId": "03b253ad-396a-4011-baa0-08582a5b55ec"
                  },
                  "type": "OpenApiConnection",
                  "inputs": {
                    "host": {
                      "connectionName": "shared_commondataserviceforapps",
                      "operationId": "GetItem",
                      "apiId": "/providers/Microsoft.PowerApps/apis/shared_commondataserviceforapps"
                    },
                    "parameters": {
                      "entityName": "systemusers",
                      "recordId": "@items('Apply_to_each_route')?['_aa_approver2_value']"
                    },
                    "authentication": "@parameters('$authentication')"
                  }
                },
                "承認者2のUPN": {
                  "runAfter": {
                    "承認者2を取得する": [
                      "Succeeded"
                    ]
                  },
                  "metadata": {
                    "operationMetadataId": "dca41f9c-c416-4810-be8a-b7efafca5e8d"
                  },
                  "type": "Compose",
                  "inputs": "@outputs('承認者2を取得する')?['body/internalemailaddress']"
                }
              },
              "runAfter": {
                "承認者1のUPN": [
                  "Succeeded"
                ]
              },
              "expression": {
                "not": {
                  "equals": [
                    "@items('Apply_to_each_route')?['_aa_approver2_value']",
                    "@null"
                  ]
                }
              },
              "metadata": {
                "operationMetadataId": "095208dc-2e85-42f8-91cf-cb7f8063dee4"
              },
              "type": "If"
            },
            "条件_3": {
              "actions": {
                "承認者3を取得する": {
                  "runAfter": {},
                  "metadata": {
                    "operationMetadataId": "03b253ad-396a-4011-baa0-08582a5b55ec"
                  },
                  "type": "OpenApiConnection",
                  "inputs": {
                    "host": {
                      "connectionName": "shared_commondataserviceforapps",
                      "operationId": "GetItem",
                      "apiId": "/providers/Microsoft.PowerApps/apis/shared_commondataserviceforapps"
                    },
                    "parameters": {
                      "entityName": "systemusers",
                      "recordId": "@items('Apply_to_each_route')?['_aa_approver3_value']"
                    },
                    "authentication": "@parameters('$authentication')"
                  }
                },
                "承認者3のUPN": {
                  "runAfter": {
                    "承認者3を取得する": [
                      "Succeeded"
                    ]
                  },
                  "metadata": {
                    "operationMetadataId": "dca41f9c-c416-4810-be8a-b7efafca5e8d"
                  },
                  "type": "Compose",
                  "inputs": "@outputs('承認者3を取得する')?['body/internalemailaddress']"
                }
              },
              "runAfter": {
                "条件_2": [
                  "Succeeded"
                ]
              },
              "expression": {
                "not": {
                  "equals": [
                    "@items('Apply_to_each_route')?['_aa_approver3_value']",
                    "@null"
                  ]
                }
              },
              "metadata": {
                "operationMetadataId": "cc4f3235-d137-4ff2-83e5-fda816e12f66"
              },
              "type": "If"
            }
          },
          "runAfter": {
            "承認ルートを一覧にする": [
              "Succeeded"
            ]
          },
          "metadata": {
            "operationMetadataId": "3299d37e-34a2-4b63-8cbb-2ea3972cd396"
          },
          "type": "Foreach"
        }
      }
    },
    "templateName": ""
  },
  "schemaVersion": "1.0.0.0"
}