{
  "properties": {
    "connectionReferences": {
      "shared_commondataserviceforapps": {
        "runtimeSource": "embedded",
        "connection": {
          "connectionReferenceLogicalName": "aa_sharedcommondataserviceforapps_cfac9"
        },
        "api": {
          "name": "shared_commondataserviceforapps"
        }
      },
      "shared_approvals": {
        "runtimeSource": "embedded",
        "connection": {
          "connectionReferenceLogicalName": "aa_sharedapprovals_8f3fa"
        },
        "api": {
          "name": "shared_approvals"
        }
      }
    },
    "definition": {
      "$schema": "https://schema.management.azure.com/providers/Microsoft.Logic/schemas/2016-06-01/workflowdefinition.json#",
      "contentVersion": "1.0.0.0",
      "parameters": {
        "$connections": {
          "defaultValue": {},
          "type": "Object"
        },
        "$authentication": {
          "defaultValue": {},
          "type": "SecureObject"
        }
      },
      "triggers": {
        "行が追加、変更、または削除された場合": {
          "metadata": {
            "operationMetadataId": "2d05a6a4-4406-4d69-923a-cf93c1631e43"
          },
          "type": "OpenApiConnectionWebhook",
          "inputs": {
            "host": {
              "connectionName": "shared_commondataserviceforapps",
              "operationId": "SubscribeWebhookTrigger",
              "apiId": "/providers/Microsoft.PowerApps/apis/shared_commondataserviceforapps"
            },
            "parameters": {
              "subscriptionRequest/message": 1,
              "subscriptionRequest/entityname": "aa_item",
              "subscriptionRequest/scope": 4,
              "subscriptionRequest/filterexpression": "aa_itemstatus eq 120800000"
            },
            "authentication": "@parameters('$authentication')"
          }
        }
      },
      "actions": {
        "承認ルートを一覧にする": {
          "runAfter": {
            "Item作成者を取得する": [
              "Succeeded"
            ]
          },
          "metadata": {
            "operationMetadataId": "b44441b1-54d5-40e9-99b1-cf7e9f107bd9"
          },
          "type": "OpenApiConnection",
          "inputs": {
            "host": {
              "connectionName": "shared_commondataserviceforapps",
              "operationId": "ListRecords",
              "apiId": "/providers/Microsoft.PowerApps/apis/shared_commondataserviceforapps"
            },
            "parameters": {
              "entityName": "aa_approvers",
              "$filter": "aa_upn eq '@{outputs('Item作成者を取得する')?['body/internalemailaddress']}'",
              "$top": 1
            },
            "authentication": "@parameters('$authentication')"
          }
        },
        "Item作成者を取得する": {
          "runAfter": {},
          "metadata": {
            "operationMetadataId": "c86b041b-6626-457a-a6c9-78835263063c"
          },
          "type": "OpenApiConnection",
          "inputs": {
            "host": {
              "connectionName": "shared_commondataserviceforapps",
              "operationId": "GetItem",
              "apiId": "/providers/Microsoft.PowerApps/apis/shared_commondataserviceforapps"
            },
            "parameters": {
              "entityName": "systemusers",
              "recordId": "@triggerOutputs()?['body/_createdby_value']"
            },
            "authentication": "@parameters('$authentication')"
          }
        },
        "Apply_to_each_route": {
          "foreach": "@outputs('承認ルートを一覧にする')?['body/value']",
          "actions": {
            "承認者1を取得する": {
              "runAfter": {},
              "metadata": {
                "operationMetadataId": "03b253ad-396a-4011-baa0-08582a5b55ec"
              },
              "type": "OpenApiConnection",
              "inputs": {
                "host": {
                  "connectionName": "shared_commondataserviceforapps",
                  "operationId": "GetItem",
                  "apiId": "/providers/Microsoft.PowerApps/apis/shared_commondataserviceforapps"
                },
                "parameters": {
                  "entityName": "systemusers",
                  "recordId": "@items('Apply_to_each_route')?['_aa_approver1_value']"
                },
                "authentication": "@parameters('$authentication')"
              }
            },
            "開始して承認を待機": {
              "runAfter": {
                "承認者1を取得する": [
                  "Succeeded"
                ]
              },
              "metadata": {
                "operationMetadataId": "b22492a2-190a-4369-ad1d-80c70c0d7672"
              },
              "type": "OpenApiConnectionWebhook",
              "inputs": {
                "host": {
                  "connectionName": "shared_approvals",
                  "operationId": "StartAndWaitForAnApproval",
                  "apiId": "/providers/Microsoft.PowerApps/apis/shared_approvals"
                },
                "parameters": {
                  "approvalType": "BasicAwaitAll",
                  "WebhookApprovalCreationInput/title": "@triggerOutputs()?['body/aa_title']",
                  "WebhookApprovalCreationInput/assignedTo": "@{outputs('承認者1を取得する')?['body/internalemailaddress']};",
                  "WebhookApprovalCreationInput/details": "@{triggerOutputs()?['body/aa_series']}\n@{triggerOutputs()?['body/aa_title']}\n@{triggerOutputs()?['body/aa_subtitle']}\n@{triggerOutputs()?['body/aa_summary']}",
                  "WebhookApprovalCreationInput/requestor": "@{outputs('Item作成者を取得する')?['body/internalemailaddress']};",
                  "WebhookApprovalCreationInput/enableNotifications": true,
                  "WebhookApprovalCreationInput/enableReassignment": true
                },
                "authentication": "@parameters('$authentication')"
              }
            },
            "承認結果判定1": {
              "actions": {
                "条件1": {
                  "actions": {
                    "承認者2を取得する": {
                      "runAfter": {},
                      "metadata": {
                        "operationMetadataId": "03b253ad-396a-4011-baa0-08582a5b55ec"
                      },
                      "type": "OpenApiConnection",
                      "inputs": {
                        "host": {
                          "connectionName": "shared_commondataserviceforapps",
                          "operationId": "GetItem",
                          "apiId": "/providers/Microsoft.PowerApps/apis/shared_commondataserviceforapps"
                        },
                        "parameters": {
                          "entityName": "systemusers",
                          "recordId": "@items('Apply_to_each_route')?['_aa_approver2_value']"
                        },
                        "authentication": "@parameters('$authentication')"
                      }
                    },
                    "開始して承認を待機_2": {
                      "runAfter": {
                        "承認者2を取得する": [
                          "Succeeded"
                        ]
                      },
                      "metadata": {
                        "operationMetadataId": "2a70cd75-2d6d-4f12-9ec2-08bd8e014144"
                      },
                      "type": "OpenApiConnectionWebhook",
                      "inputs": {
                        "host": {
                          "connectionName": "shared_approvals",
                          "operationId": "StartAndWaitForAnApproval",
                          "apiId": "/providers/Microsoft.PowerApps/apis/shared_approvals"
                        },
                        "parameters": {
                          "approvalType": "BasicAwaitAll",
                          "WebhookApprovalCreationInput/title": "@triggerOutputs()?['body/aa_title']",
                          "WebhookApprovalCreationInput/assignedTo": "@{outputs('承認者2を取得する')?['body/internalemailaddress']};",
                          "WebhookApprovalCreationInput/details": "@{triggerOutputs()?['body/aa_series']}\n@{triggerOutputs()?['body/aa_title']}\n@{triggerOutputs()?['body/aa_subtitle']}\n@{triggerOutputs()?['body/aa_summary']}",
                          "WebhookApprovalCreationInput/requestor": "@{outputs('Item作成者を取得する')?['body/internalemailaddress']};",
                          "WebhookApprovalCreationInput/enableNotifications": true,
                          "WebhookApprovalCreationInput/enableReassignment": true
                        },
                        "authentication": "@parameters('$authentication')"
                      }
                    },
                    "承認結果判定2": {
                      "actions": {
                        "条件2": {
                          "actions": {
                            "承認者3を取得する": {
                              "runAfter": {},
                              "metadata": {
                                "operationMetadataId": "03b253ad-396a-4011-baa0-08582a5b55ec"
                              },
                              "type": "OpenApiConnection",
                              "inputs": {
                                "host": {
                                  "connectionName": "shared_commondataserviceforapps",
                                  "operationId": "GetItem",
                                  "apiId": "/providers/Microsoft.PowerApps/apis/shared_commondataserviceforapps"
                                },
                                "parameters": {
                                  "entityName": "systemusers",
                                  "recordId": "@items('Apply_to_each_route')?['_aa_approver3_value']"
                                },
                                "authentication": "@parameters('$authentication')"
                              }
                            },
                            "開始して承認を待機_3": {
                              "runAfter": {
                                "承認者3を取得する": [
                                  "Succeeded"
                                ]
                              },
                              "metadata": {
                                "operationMetadataId": "de6d6213-783a-4e1a-b0e2-49be567ba15d"
                              },
                              "type": "OpenApiConnectionWebhook",
                              "inputs": {
                                "host": {
                                  "connectionName": "shared_approvals",
                                  "operationId": "StartAndWaitForAnApproval",
                                  "apiId": "/providers/Microsoft.PowerApps/apis/shared_approvals"
                                },
                                "parameters": {
                                  "approvalType": "BasicAwaitAll",
                                  "WebhookApprovalCreationInput/title": "@triggerOutputs()?['body/aa_title']",
                                  "WebhookApprovalCreationInput/assignedTo": "@{outputs('承認者3を取得する')?['body/internalemailaddress']};",
                                  "WebhookApprovalCreationInput/details": "@{triggerOutputs()?['body/aa_series']}\n@{triggerOutputs()?['body/aa_title']}\n@{triggerOutputs()?['body/aa_subtitle']}\n@{triggerOutputs()?['body/aa_summary']}",
                                  "WebhookApprovalCreationInput/requestor": "@{outputs('Item作成者を取得する')?['body/internalemailaddress']};",
                                  "WebhookApprovalCreationInput/enableNotifications": true,
                                  "WebhookApprovalCreationInput/enableReassignment": true
                                },
                                "authentication": "@parameters('$authentication')"
                              }
                            }
                          },
                          "runAfter": {},
                          "else": {
                            "actions": {
                              "受付済に更新する_3": {
                                "runAfter": {},
                                "metadata": {
                                  "operationMetadataId": "b9cdd35b-8e07-4443-b26a-34e63709bd2a"
                                },
                                "type": "OpenApiConnection",
                                "inputs": {
                                  "host": {
                                    "connectionName": "shared_commondataserviceforapps",
                                    "operationId": "UpdateRecord",
                                    "apiId": "/providers/Microsoft.PowerApps/apis/shared_commondataserviceforapps"
                                  },
                                  "parameters": {
                                    "entityName": "aa_items",
                                    "recordId": "@triggerOutputs()?['body/aa_itemid']",
                                    "item/aa_itemstatus": 120800005
                                  },
                                  "authentication": "@parameters('$authentication')"
                                }
                              }
                            }
                          },
                          "expression": {
                            "not": {
                              "equals": [
                                "@items('Apply_to_each_route')?['_aa_approver3_value']",
                                "@null"
                              ]
                            }
                          },
                          "metadata": {
                            "operationMetadataId": "079b59b6-88c5-4c1d-9f4a-dfbe161840fb"
                          },
                          "type": "If"
                        },
                        "承認結果判定3": {
                          "actions": {
                            "受付済に更新する": {
                              "runAfter": {},
                              "metadata": {
                                "operationMetadataId": "b9cdd35b-8e07-4443-b26a-34e63709bd2a"
                              },
                              "type": "OpenApiConnection",
                              "inputs": {
                                "host": {
                                  "connectionName": "shared_commondataserviceforapps",
                                  "operationId": "UpdateRecord",
                                  "apiId": "/providers/Microsoft.PowerApps/apis/shared_commondataserviceforapps"
                                },
                                "parameters": {
                                  "entityName": "aa_items",
                                  "recordId": "@triggerOutputs()?['body/aa_itemid']",
                                  "item/aa_itemstatus": 120800005
                                },
                                "authentication": "@parameters('$authentication')"
                              }
                            }
                          },
                          "runAfter": {
                            "条件2": [
                              "Succeeded"
                            ]
                          },
                          "expression": {
                            "equals": [
                              "@outputs('開始して承認を待機_3')?['body/outcome']",
                              "Approve"
                            ]
                          },
                          "metadata": {
                            "operationMetadataId": "b38957d1-57d2-4755-b456-eaffcce67426"
                          },
                          "type": "If"
                        }
                      },
                      "runAfter": {
                        "開始して承認を待機_2": [
                          "Succeeded"
                        ]
                      },
                      "expression": {
                        "equals": [
                          "@outputs('開始して承認を待機_2')?['body/outcome']",
                          "Approve"
                        ]
                      },
                      "metadata": {
                        "operationMetadataId": "9d571be3-d34d-4ab4-b04a-7a769fb5660a"
                      },
                      "type": "If"
                    }
                  },
                  "runAfter": {},
                  "else": {
                    "actions": {
                      "受付済に更新する_2": {
                        "runAfter": {},
                        "metadata": {
                          "operationMetadataId": "b9cdd35b-8e07-4443-b26a-34e63709bd2a"
                        },
                        "type": "OpenApiConnection",
                        "inputs": {
                          "host": {
                            "connectionName": "shared_commondataserviceforapps",
                            "operationId": "UpdateRecord",
                            "apiId": "/providers/Microsoft.PowerApps/apis/shared_commondataserviceforapps"
                          },
                          "parameters": {
                            "entityName": "aa_items",
                            "recordId": "@triggerOutputs()?['body/aa_itemid']",
                            "item/aa_itemstatus": 120800005
                          },
                          "authentication": "@parameters('$authentication')"
                        }
                      }
                    }
                  },
                  "expression": {
                    "not": {
                      "equals": [
                        "@items('Apply_to_each_route')?['_aa_approver2_value']",
                        "@null"
                      ]
                    }
                  },
                  "metadata": {
                    "operationMetadataId": "3d039487-c6a5-4be3-a71b-b16dd97f1712"
                  },
                  "type": "If"
                }
              },
              "runAfter": {
                "開始して承認を待機": [
                  "Succeeded"
                ]
              },
              "expression": {
                "equals": [
                  "@outputs('開始して承認を待機')?['body/outcome']",
                  "Approve"
                ]
              },
              "metadata": {
                "operationMetadataId": "e1af11a5-91f8-4d8a-870b-5e877b0b0d28"
              },
              "type": "If"
            }
          },
          "runAfter": {
            "承認ルートを一覧にする": [
              "Succeeded"
            ]
          },
          "metadata": {
            "operationMetadataId": "3299d37e-34a2-4b63-8cbb-2ea3972cd396"
          },
          "type": "Foreach"
        }
      }
    },
    "templateName": ""
  },
  "schemaVersion": "1.0.0.0"
}