{
  "properties": {
    "connectionReferences": {
      "shared_office365users": {
        "runtimeSource": "embedded",
        "connection": {
          "connectionReferenceLogicalName": "yu_sharedoffice365users_31618"
        },
        "api": {
          "name": "shared_office365users"
        }
      },
      "shared_commondataserviceforapps": {
        "runtimeSource": "embedded",
        "connection": {
          "connectionReferenceLogicalName": "yu_sharedcommondataserviceforapps_20b0f"
        },
        "api": {
          "name": "shared_commondataserviceforapps"
        }
      },
      "shared_approvals": {
        "runtimeSource": "embedded",
        "connection": {
          "connectionReferenceLogicalName": "yu_sharedapprovals_1916f"
        },
        "api": {
          "name": "shared_approvals"
        }
      },
      "shared_teams": {
        "runtimeSource": "embedded",
        "connection": {
          "connectionReferenceLogicalName": "yu_sharedteams_9f267"
        },
        "api": {
          "name": "shared_teams"
        }
      }
    },
    "definition": {
      "$schema": "https://schema.management.azure.com/providers/Microsoft.Logic/schemas/2016-06-01/workflowdefinition.json#",
      "contentVersion": "1.0.0.0",
      "parameters": {
        "$connections": {
          "defaultValue": {},
          "type": "Object"
        },
        "$authentication": {
          "defaultValue": {},
          "type": "SecureObject"
        }
      },
      "triggers": {
        "申請データが追加された場合": {
          "metadata": {
            "operationMetadataId": "01fc5d8e-072b-4b32-904b-23cc63ff7aed"
          },
          "type": "OpenApiConnectionWebhook",
          "inputs": {
            "host": {
              "connectionName": "shared_commondataserviceforapps",
              "operationId": "SubscribeWebhookTrigger",
              "apiId": "/providers/Microsoft.PowerApps/apis/shared_commondataserviceforapps"
            },
            "parameters": {
              "subscriptionRequest/message": 1,
              "subscriptionRequest/entityname": "yu_applicationrecord",
              "subscriptionRequest/scope": 4
            },
            "authentication": "@parameters('$authentication')"
          }
        }
      },
      "actions": {
        "条件": {
          "actions": {
            "上司の取得_(V2)": {
              "runAfter": {},
              "metadata": {
                "operationMetadataId": "3f821ae2-6689-4da3-be6f-c4a44aebfbe2"
              },
              "type": "OpenApiConnection",
              "inputs": {
                "host": {
                  "connectionName": "shared_office365users",
                  "operationId": "Manager_V2",
                  "apiId": "/providers/Microsoft.PowerApps/apis/shared_office365users"
                },
                "parameters": {
                  "id": "@outputs('作成者を取得する')?['body/internalemailaddress']"
                },
                "authentication": "@parameters('$authentication')"
              }
            },
            "上司から変数「承認者UPN」の設定": {
              "runAfter": {
                "上司の取得_(V2)": [
                  "Succeeded"
                ]
              },
              "metadata": {
                "operationMetadataId": "980ec133-a64c-4219-b075-9d8c9fcbe223"
              },
              "type": "SetVariable",
              "inputs": {
                "name": "承認者UPN",
                "value": "@outputs('上司の取得_(V2)')?['body/mail']"
              }
            }
          },
          "runAfter": {
            "変数「承認者UPN」を初期化する": [
              "Succeeded"
            ]
          },
          "else": {
            "actions": {
              "承認者を取得する": {
                "runAfter": {},
                "metadata": {
                  "operationMetadataId": "bfb2a238-329d-4f4c-87ad-333d51d20501"
                },
                "type": "OpenApiConnection",
                "inputs": {
                  "host": {
                    "connectionName": "shared_commondataserviceforapps",
                    "operationId": "GetItem",
                    "apiId": "/providers/Microsoft.PowerApps/apis/shared_commondataserviceforapps"
                  },
                  "parameters": {
                    "entityName": "systemusers",
                    "recordId": "@triggerOutputs()?['body/_yu_approver_value']"
                  },
                  "authentication": "@parameters('$authentication')"
                }
              },
              "申請データから変数「承認者UPN」の設定": {
                "runAfter": {
                  "承認者を取得する": [
                    "Succeeded"
                  ]
                },
                "metadata": {
                  "operationMetadataId": "48928a01-187c-4cec-9209-e21ef00b9349"
                },
                "type": "SetVariable",
                "inputs": {
                  "name": "承認者UPN",
                  "value": "@outputs('承認者を取得する')?['body/internalemailaddress']"
                }
              }
            }
          },
          "expression": {
            "equals": [
              "@triggerOutputs()?['body/_yu_approver_value']",
              "@null"
            ]
          },
          "metadata": {
            "operationMetadataId": "b0e5afe1-5860-4553-9d73-161aa6308ead"
          },
          "type": "If"
        },
        "作成者を取得する": {
          "runAfter": {
            "変数「通知本文」を初期化する": [
              "Succeeded"
            ]
          },
          "metadata": {
            "operationMetadataId": "eea096a8-726f-4da3-8dc5-17ca958167fb"
          },
          "type": "OpenApiConnection",
          "inputs": {
            "host": {
              "connectionName": "shared_commondataserviceforapps",
              "operationId": "GetItem",
              "apiId": "/providers/Microsoft.PowerApps/apis/shared_commondataserviceforapps"
            },
            "parameters": {
              "entityName": "systemusers",
              "recordId": "@triggerOutputs()?['body/_createdby_value']"
            },
            "authentication": "@parameters('$authentication')"
          }
        },
        "変数「承認者UPN」を初期化する": {
          "runAfter": {
            "作成者を取得する": [
              "Succeeded"
            ]
          },
          "metadata": {
            "operationMetadataId": "2496cbef-3f26-44cd-94f2-48b3ed05ba64"
          },
          "type": "InitializeVariable",
          "inputs": {
            "variables": [
              {
                "name": "承認者UPN",
                "type": "string"
              }
            ]
          }
        },
        "条件_2": {
          "actions": {
            "開始して承認を待機": {
              "runAfter": {},
              "metadata": {
                "operationMetadataId": "55613103-fd30-4002-a65d-5dc797b2ff53"
              },
              "type": "OpenApiConnectionWebhook",
              "inputs": {
                "host": {
                  "connectionName": "shared_approvals",
                  "operationId": "StartAndWaitForAnApproval",
                  "apiId": "/providers/Microsoft.PowerApps/apis/shared_approvals"
                },
                "parameters": {
                  "approvalType": "BasicAwaitAll",
                  "WebhookApprovalCreationInput/title": "@triggerOutputs()?['body/yu_title']",
                  "WebhookApprovalCreationInput/assignedTo": "@{variables('承認者UPN')};",
                  "WebhookApprovalCreationInput/details": "@triggerOutputs()?['body/yu_overview']",
                  "WebhookApprovalCreationInput/requestor": "@{outputs('作成者を取得する')?['body/internalemailaddress']};",
                  "WebhookApprovalCreationInput/enableNotifications": true,
                  "WebhookApprovalCreationInput/enableReassignment": true
                },
                "authentication": "@parameters('$authentication')"
              }
            },
            "条件_3": {
              "actions": {
                "申請状況を更新する（承認）": {
                  "runAfter": {},
                  "metadata": {
                    "operationMetadataId": "a3a169cd-6dcd-4536-a29e-f417a1d8685a"
                  },
                  "type": "OpenApiConnection",
                  "inputs": {
                    "host": {
                      "connectionName": "shared_commondataserviceforapps",
                      "operationId": "UpdateRecord",
                      "apiId": "/providers/Microsoft.PowerApps/apis/shared_commondataserviceforapps"
                    },
                    "parameters": {
                      "entityName": "yu_applicationrecords",
                      "recordId": "@triggerOutputs()?['body/yu_applicationrecordid']",
                      "item/yu_applicationstatus": 128440006
                    },
                    "authentication": "@parameters('$authentication')"
                  }
                },
                "変数「結果」の設定（承認）": {
                  "runAfter": {
                    "申請状況を更新する（承認）": [
                      "Succeeded"
                    ]
                  },
                  "metadata": {
                    "operationMetadataId": "2b3c14fc-8b4b-4d86-9281-bbbd56be2990"
                  },
                  "type": "SetVariable",
                  "inputs": {
                    "name": "結果",
                    "value": "承認"
                  }
                }
              },
              "runAfter": {
                "開始して承認を待機": [
                  "Succeeded"
                ]
              },
              "else": {
                "actions": {
                  "申請状況を更新する（却下）": {
                    "runAfter": {},
                    "metadata": {
                      "operationMetadataId": "11abb2d5-1f13-4d8b-850f-ce2465cda001"
                    },
                    "type": "OpenApiConnection",
                    "inputs": {
                      "host": {
                        "connectionName": "shared_commondataserviceforapps",
                        "operationId": "UpdateRecord",
                        "apiId": "/providers/Microsoft.PowerApps/apis/shared_commondataserviceforapps"
                      },
                      "parameters": {
                        "entityName": "yu_applicationrecords",
                        "recordId": "@triggerOutputs()?['body/yu_applicationrecordid']",
                        "item/yu_applicationstatus": 128440005
                      },
                      "authentication": "@parameters('$authentication')"
                    }
                  },
                  "変数「結果」の設定（却下）": {
                    "runAfter": {
                      "申請状況を更新する（却下）": [
                        "Succeeded"
                      ]
                    },
                    "metadata": {
                      "operationMetadataId": "47e9be9b-7883-4044-acdb-72820209c023"
                    },
                    "type": "SetVariable",
                    "inputs": {
                      "name": "結果",
                      "value": "却下"
                    }
                  }
                }
              },
              "expression": {
                "equals": [
                  "@outputs('開始して承認を待機')?['body/outcome']",
                  "Approve"
                ]
              },
              "metadata": {
                "operationMetadataId": "ef3fad26-14f0-43ac-9a55-4683c7e8c5b7"
              },
              "type": "If"
            }
          },
          "runAfter": {
            "条件": [
              "Succeeded"
            ]
          },
          "else": {
            "actions": {
              "申請状況を更新する（差戻し）": {
                "runAfter": {},
                "metadata": {
                  "operationMetadataId": "fb828877-b59a-4589-97d1-03f1ecac6fac"
                },
                "type": "OpenApiConnection",
                "inputs": {
                  "host": {
                    "connectionName": "shared_commondataserviceforapps",
                    "operationId": "UpdateRecord",
                    "apiId": "/providers/Microsoft.PowerApps/apis/shared_commondataserviceforapps"
                  },
                  "parameters": {
                    "entityName": "yu_applicationrecords",
                    "recordId": "@triggerOutputs()?['body/yu_applicationrecordid']",
                    "item/yu_applicationstatus": 128440004
                  },
                  "authentication": "@parameters('$authentication')"
                }
              },
              "変数「結果」の設定（差戻し）": {
                "runAfter": {
                  "申請状況を更新する（差戻し）": [
                    "Succeeded"
                  ]
                },
                "metadata": {
                  "operationMetadataId": "98be2ab9-bd42-4677-8d79-eb76c24e3066"
                },
                "type": "SetVariable",
                "inputs": {
                  "name": "結果",
                  "value": "差戻し"
                }
              }
            }
          },
          "expression": {
            "not": {
              "equals": [
                "@variables('承認者UPN')",
                ""
              ]
            }
          },
          "metadata": {
            "operationMetadataId": "afdb4e03-ac87-4b27-93c1-e40a0395060e"
          },
          "type": "If"
        },
        "行を更新する": {
          "runAfter": {},
          "metadata": {
            "operationMetadataId": "edeb28cc-906c-4784-b6f2-8a1b038a6060"
          },
          "type": "OpenApiConnection",
          "inputs": {
            "host": {
              "connectionName": "shared_commondataserviceforapps",
              "operationId": "UpdateRecord",
              "apiId": "/providers/Microsoft.PowerApps/apis/shared_commondataserviceforapps"
            },
            "parameters": {
              "entityName": "yu_applicationrecords",
              "recordId": "@triggerOutputs()?['body/yu_applicationrecordid']",
              "item/yu_applicationstatus": 128440003
            },
            "authentication": "@parameters('$authentication')"
          }
        },
        "変数「結果」を初期化する": {
          "runAfter": {
            "行を更新する": [
              "Succeeded"
            ]
          },
          "metadata": {
            "operationMetadataId": "41a53da5-64e5-4ff5-b395-cae932885e93"
          },
          "type": "InitializeVariable",
          "inputs": {
            "variables": [
              {
                "name": "結果",
                "type": "string"
              }
            ]
          }
        },
        "変数「通知本文」を初期化する": {
          "runAfter": {
            "変数「結果」を初期化する": [
              "Succeeded"
            ]
          },
          "metadata": {
            "operationMetadataId": "7261bead-52e5-44f3-817f-bf5ec6df6639"
          },
          "type": "InitializeVariable",
          "inputs": {
            "variables": [
              {
                "name": "通知本文",
                "type": "string",
                "value": "@{triggerOutputs()?['body/yu_title']}\n\n@{triggerOutputs()?['body/yu_overview']}"
              }
            ]
          }
        },
        "チャットまたはチャネルでメッセージを投稿する": {
          "runAfter": {
            "条件_2": [
              "Succeeded"
            ]
          },
          "metadata": {
            "operationMetadataId": "40f1718b-ba1b-4369-91ac-cef341019522"
          },
          "type": "OpenApiConnection",
          "inputs": {
            "host": {
              "connectionName": "shared_teams",
              "operationId": "PostMessageToConversation",
              "apiId": "/providers/Microsoft.PowerApps/apis/shared_teams"
            },
            "parameters": {
              "poster": "Flow bot",
              "location": "Chat with Flow bot",
              "body/recipient": "@{outputs('作成者を取得する')?['body/internalemailaddress']};",
              "body/messageBody": "<p>以下の申請が、「@{variables('結果')}」されました。<br>\n<br>\n<br>\n@{variables('通知本文')}</p>"
            },
            "authentication": "@parameters('$authentication')"
          }
        },
        "スコープ": {
          "actions": {
            "条件_4": {
              "actions": {
                "申請データ行を取得する": {
                  "runAfter": {},
                  "metadata": {
                    "operationMetadataId": "0da08674-464e-43c3-9a1f-9a6d2eaa69cd"
                  },
                  "type": "OpenApiConnection",
                  "inputs": {
                    "host": {
                      "connectionName": "shared_commondataserviceforapps",
                      "operationId": "GetItem",
                      "apiId": "/providers/Microsoft.PowerApps/apis/shared_commondataserviceforapps"
                    },
                    "parameters": {
                      "entityName": "yu_applicationrecords",
                      "recordId": "@triggerOutputs()?['body/yu_applicationrecordid']"
                    },
                    "authentication": "@parameters('$authentication')"
                  }
                },
                "カタログアイテムに下書き行を追加する": {
                  "runAfter": {
                    "申請データ行を取得する": [
                      "Succeeded"
                    ]
                  },
                  "metadata": {
                    "operationMetadataId": "5a5490d9-f0cf-4476-b990-7bd7901f489d"
                  },
                  "type": "OpenApiConnection",
                  "inputs": {
                    "host": {
                      "connectionName": "shared_commondataserviceforapps",
                      "operationId": "CreateRecord",
                      "apiId": "/providers/Microsoft.PowerApps/apis/shared_commondataserviceforapps"
                    },
                    "parameters": {
                      "entityName": "yu_catalogitems",
                      "item/yu_title": "@outputs('申請データ行を取得する')?['body/yu_title']",
                      "item/yu_overview": "@outputs('申請データ行を取得する')?['body/yu_overview']",
                      "item/yu_catalogitemid": "@outputs('申請データ行を取得する')?['body/yu_applicationrecordid']",
                      "item/yu_publishstatus": 128440001,
                      "item/ownerid@odata.bind": "@outputs('申請データ行を取得する')?['body/_yu_approver_value']"
                    },
                    "authentication": "@parameters('$authentication')"
                  }
                }
              },
              "runAfter": {},
              "expression": {
                "equals": [
                  "@variables('結果')",
                  "承認"
                ]
              },
              "metadata": {
                "operationMetadataId": "89f5510b-87a3-4246-8ed3-26f66314ca96"
              },
              "type": "If"
            }
          },
          "runAfter": {
            "チャットまたはチャネルでメッセージを投稿する": [
              "Succeeded"
            ]
          },
          "metadata": {
            "operationMetadataId": "8892267c-5c77-4acd-ba03-4d4a796a744a"
          },
          "type": "Scope"
        }
      }
    },
    "templateName": ""
  },
  "schemaVersion": "1.0.0.0"
}